366,173,179,367,368,23,367,369,26,23,42,35,370,23,24,170,26,171,7,7,7,7,7,67,68,41,371,23,23,23,23,23,23,26,57,7,7,75,68,21,22,42,35,23,23,23,36,372,373,36,35,179,23,374,41,21,22,372,68,36,57,7,7,7,7,7,7,7,7,9,172,9,20,21,22,23,23,23,23,42,37,171
7,182,35,179,26,179,23,375,179,42,174,376,178,26,367,33,179,177,7,7,7,7,7,9,172,9,20,41,23,23,42,37,173,174,174,57,7,67,76,23,31,185,377,26,41,171,378,367,379,374,43,48,35,23,185,23,31,21,22,183,45,7,7,7,7,7,7,7,7,7,7,29,30,23,31,41,42,37,171,184,79,57
380,381,44,68,79,68,179,23,26,369,24,33,23,23,42,26,171,7,7,7,7,7,7,7,7,29,30,56,41,180,181,172,182,35,169,45,7,9,35,23,169,41,23,23,169,74,382,92,41,383,384,197,385,93,68,23,23,23,31,171,7,7,7,7,7,7,7,7,7,7,7,39,36,35,23,171,9,172,182,35,188,45
7,386,7,75,95,43,96,97,42,48,387,388,35,23,369,369,57,7,7,7,7,7,7,7,7,39,36,35,185,23,175,7,9,43,172,7,7,7,75,95,43,96,97,169,383,43,389,100,54,195,7,7,7,117,75,94,68,198,171,198,7,198,7,7,7,7,7,7,7,7,7,7,47,48,198,7,7,7,9,43,172,7
7,7,7,7,187,105,106,107,197,194,195,390,385,93,174,183,45,7,7,7,7,7,7,7,7,7,47,48,37,93,189,7,7,50,7,7,7,7,7,187,105,106,107,391,392,105,108,199,7,7,7,7,7,122,7,9,104,210,7,73,7,210,7,7,7,7,7,7,7,7,7,7,91,197,208,200,7,7,7,50,7,7
7,7,7,7,7,7,112,113,7,116,7,7,7,117,186,171,7,7,7,7,7,7,7,7,7,7,91,194,195,117,393,7,7,7,7,7,7,7,7,7,7,112,123,7,7,7,7,109,7,58,115,58,115,201,7,7,7,7,7,7,7,7,7,7,7,7,7,7,7,7,7,7,7,7,7,7,7,7,7,7,7,7
198,7,7,7,7,7,127,118,7,394,7,7,7,122,7,7,7,7,7,7,7,7,198,7,7,7,7,109,7,122,7,58,115,7,7,395,396,397,7,7,7,127,128,84,0,1,0,64,84,2,398,2,398,0,60,19,7,7,7,7,7,7,7,7,7,7,7,7,7,7,7,7,7,7,7,7,7,51,7,7,198,7
77,7,7,198,7,7,112,113,7,116,58,115,198,201,58,115,7,58,115,7,7,7,207,7,7,7,7,199,7,201,84,2,398,0,60,0,64,46,0,0,6,0,19,7,399,400,103,401,7,7,7,66,200,201,124,125,7,7,7,7,7,7,7,7,84,0,64,198,66,60,19,7,7,198,7,7,7,59,7,7,208,64
208,402,19,66,0,0,0,6,0,6,2,403,85,84,2,398,60,2,398,0,0,200,401,84,0,0,6,64,84,19,7,7,7,84,64,404,77,7,66,19,7,405,113,7,7,7,7,73,7,7,7,73,7,406,7,7,84,64,0,60,0,66,200,7,7,7,77,401,401,7,7,7,46,85,66,6,64,46,200,66,0,85
0,19,7,73,103,7,127,123,84,0,0,0,19,117,7,7,400,7,7,7,7,103,401,124,125,407,408,85,7,117,7,7,7,7,210,7,73,7,73,7,7,127,118,7,7,7,7,110,7,7,7,7,7,201,7,7,7,210,399,400,404,401,7,7,7,7,210,77,210,7,7,7,7,84,85,7,210,7,7,210,124,125
7,7,7,7,7,7,405,128,7,109,124,125,407,111,7,7,7,7,7,7,7,7,73,7,7,7,7,110,7,122,7,7,7,7,7,7,7,7,7,7,7,405,123,7,7,7,7,116,7,7,7,7,7,406,7,7,7,7,7,7,7,73,7,7,7,7,7,210,7,7,7,7,7,7,7,7,7,7,7,7,7,7
7,7,7,7,7,7,127,123,7,114,7,7,7,201,7,7,7,7,7,7,7,7,198,7,7,7,7,116,7,409,7,7,7,7,7,7,7,7,7,7,7,127,128,7,7,7,7,129,7,7,7,7,7,201,7,7,7,7,7,7,7,198,7,7,7,7,7,198,7,7,7,7,7,7,7,7,7,7,7,7,7,7
