0,1,2,3,0,1,4,5,6,1,4,5,6,1,4,5,6,7,7,7,7,7,7,7,7,7,7,7,7,7,7,7,7,7,7,7,7,7,7,7,7,7,7,7,7,7,7,7,7,7,7,7,7,7,7,7,7,7,7,7,7,7,7,7,7,7,7,7,7,7,7,7,7,7,7,7,7,7,7,7,7,7
2,8,7,9,10,11,12,13,14,11,15,16,14,11,17,18,0,7,7,7,7,7,7,7,7,7,7,7,7,7,7,7,7,7,7,7,7,7,7,7,7,7,7,7,7,7,7,7,7,7,7,7,7,7,7,7,7,7,7,7,7,7,7,7,7,7,7,7,7,7,7,7,7,7,7,7,7,7,7,7,7,7
6,19,7,7,9,20,21,22,23,24,25,26,23,23,27,28,6,7,7,7,7,7,7,7,7,7,7,7,7,7,7,7,7,7,7,7,7,7,7,7,7,7,7,7,7,7,7,7,7,7,7,7,7,7,7,7,7,7,7,7,7,7,7,7,7,7,7,7,7,7,7,7,7,7,7,7,7,7,7,7,7,7
2,8,7,7,29,30,23,31,32,21,33,34,35,36,37,38,2,7,7,7,7,7,7,7,7,7,7,7,7,7,7,7,7,7,7,7,7,7,7,7,7,7,7,7,7,7,7,7,7,7,7,7,7,7,7,7,7,7,7,7,7,7,7,7,7,7,7,7,7,7,7,7,7,7,7,7,7,7,7,7,7,7
6,19,7,7,39,36,35,40,41,20,41,42,43,44,45,46,6,7,7,7,7,7,7,7,7,7,7,7,7,7,7,7,7,7,7,7,7,7,7,7,7,7,7,7,7,7,7,7,7,7,7,7,7,7,7,7,7,7,7,7,7,7,7,7,7,7,7,7,7,7,7,7,7,7,7,7,7,7,7,7,7,7
0,19,7,7,7,47,48,37,49,9,32,45,50,51,7,46,2,7,7,7,7,7,7,7,7,7,7,7,7,7,7,7,7,7,7,7,7,7,7,7,7,7,7,7,7,7,7,7,7,7,7,7,7,7,7,7,7,7,7,7,7,7,7,7,7,7,7,7,7,7,7,7,7,7,7,7,7,7,7,7,7,7
0,19,7,7,7,52,53,54,55,29,56,57,58,59,29,28,0,7,7,7,7,7,7,7,7,7,7,7,7,7,7,7,7,7,7,7,7,7,7,7,7,7,7,7,7,7,7,7,7,7,7,7,7,7,7,7,7,7,7,7,7,7,7,7,7,7,7,7,7,7,7,7,7,7,7,7,7,7,7,7,7,7
6,0,0,6,60,2,8,61,62,63,28,0,4,5,6,4,5,7,7,7,7,7,7,7,7,7,7,7,7,7,7,7,7,7,7,7,7,7,7,7,7,7,7,7,7,7,7,7,7,7,7,7,7,7,7,7,7,7,7,7,7,7,7,7,7,7,7,7,7,7,7,7,7,7,7,7,7,7,7,7,7,7
16,28,64,65,14,66,19,7,67,68,69,16,70,15,66,71,16,7,7,7,7,7,7,7,7,7,7,7,7,7,7,7,7,7,7,7,7,7,7,7,7,7,7,7,7,7,7,7,7,7,7,7,7,7,7,7,7,7,7,7,7,7,7,7,7,7,7,7,7,7,7,7,7,7,7,7,7,7,7,7,7,7
23,72,73,32,37,73,65,74,75,76,77,23,73,23,73,65,37,7,7,7,7,7,7,7,7,7,7,7,7,7,7,7,7,7,7,7,7,7,7,7,7,7,7,7,7,7,7,7,7,7,7,7,7,7,7,7,7,7,7,7,7,7,7,7,7,7,7,7,7,7,7,7,7,7,7,7,7,7,7,7,7,7
41,23,78,27,79,80,81,82,83,84,85,68,78,23,78,23,27,7,7,7,7,7,7,7,7,7,7,7,7,7,7,7,7,7,7,7,7,7,7,7,7,7,7,7,7,7,7,7,7,7,7,7,7,7,7,7,7,7,7,7,7,7,7,7,7,7,7,7,7,7,7,7,7,7,7,7,7,7,7,7,7,7
79,68,23,23,86,87,88,89,90,7,91,92,48,93,68,94,68,7,7,7,7,7,7,7,7,7,7,7,7,7,7,7,7,7,7,7,7,7,7,7,7,7,7,7,7,7,7,7,7,7,7,7,7,7,7,7,7,7,7,7,7,7,7,7,7,7,7,7,7,7,7,7,7,7,7,7,7,7,7,7,7,7
95,43,96,97,98,91,84,19,99,7,7,100,101,102,103,9,104,7,7,7,7,7,7,7,7,7,7,7,7,7,7,7,7,7,7,7,7,7,7,7,7,7,7,7,7,7,7,7,7,7,7,7,7,7,7,7,7,7,7,7,7,7,7,7,7,7,7,7,7,7,7,7,7,7,7,7,7,7,7,7,7,7
104,105,106,107,108,7,109,7,99,7,7,110,7,111,7,7,7,7,7,7,7,7,7,7,7,7,7,7,7,7,7,7,7,7,7,7,7,7,7,7,7,7,7,7,7,7,7,7,7,7,7,7,7,7,7,7,7,7,7,7,7,7,7,7,7,7,7,7,7,7,7,7,7,7,7,7,7,7,7,7,7,7
7,7,112,113,7,7,114,7,99,58,115,116,7,117,7,7,7,7,7,7,7,7,7,7,7,7,7,7,7,7,7,7,7,7,7,7,7,7,7,7,7,7,7,7,7,7,7,7,7,7,7,7,7,7,7,7,7,7,7,7,7,7,7,7,7,7,7,7,7,7,7,7,7,7,7,7,7,7,7,7,7,7
7,7,103,118,7,7,119,7,99,120,121,19,7,122,7,7,7,7,7,7,7,7,7,7,7,7,7,7,7,7,7,7,7,7,7,7,7,7,7,7,7,7,7,7,7,7,7,7,7,7,7,7,7,7,7,7,7,7,7,7,7,7,7,7,7,7,7,7,7,7,7,7,7,7,7,7,7,7,7,7,7,7
7,7,112,123,7,7,116,7,99,124,125,109,7,102,7,7,7,7,7,7,7,7,7,7,7,7,7,7,7,7,7,7,7,7,7,7,7,7,7,7,7,7,7,7,7,7,7,7,7,7,7,7,7,7,7,7,7,7,7,7,7,7,7,7,7,7,7,7,7,7,7,7,7,7,7,7,7,7,7,7,7,7
126,7,127,128,7,7,129,7,99,7,7,114,7,111,7,7,126,7,7,7,7,7,7,7,7,7,7,7,7,7,7,7,7,7,7,7,7,7,7,7,7,7,7,7,7,7,7,7,7,7,7,7,7,7,7,7,7,7,7,7,7,7,7,7,7,7,7,7,7,7,7,7,7,7,7,7,7,7,7,7,7,7
130,131,132,133,134,135,136,137,138,131,126,136,134,139,140,141,142,7,7,7,7,7,7,7,7,7,7,7,7,7,7,7,7,7,7,7,7,7,7,7,7,7,7,7,7,7,7,7,7,7,7,7,7,7,7,7,7,7,7,7,7,7,7,7,7,7,7,7,7,7,7,7,7,7,7,7,7,7,7,7,7,7
143,144,145,138,130,146,142,147,148,149,146,142,145,138,130,143,150,7,7,7,7,7,7,7,7,7,7,7,7,7,7,7,7,7,7,7,7,7,7,7,7,7,7,7,7,7,7,7,7,7,7,7,7,7,7,7,7,7,7,7,7,7,7,7,7,7,7,7,7,7,7,7,7,7,7,7,7,7,7,7,7,7
151,152,153,154,155,151,152,156,157,158,151,152,153,154,155,151,152,7,7,7,7,7,7,7,7,7,7,7,7,7,7,7,7,7,7,7,7,7,7,7,7,7,7,7,7,7,7,7,7,7,7,7,7,7,7,7,7,7,7,7,7,7,7,7,7,7,7,7,7,7,7,7,7,7,7,7,7,7,7,7,7,7
159,160,161,162,163,164,165,166,167,168,159,160,166,167,163,164,165,7,7,7,7,7,7,7,7,7,7,7,7,7,7,7,7,7,7,7,7,7,7,7,7,7,7,7,7,7,7,7,7,7,7,7,7,7,7,7,7,7,7,7,7,7,7,7,7,7,7,7,7,7,7,7,7,7,7,7,7,7,7,7,7,7
169,41,23,24,170,26,171,9,172,9,20,41,23,23,42,37,173,26,174,57,7,7,7,7,7,7,7,29,23,23,21,22,175,7,7,7,7,7,176,68,79,68,23,31,23,177,9,172,9,20,21,22,23,23,23,23,42,37,171,7,7,7,7,7,7,7,7,7,7,7,7,7,7,7,7,7,7,7,7,7,7,7
21,178,26,21,33,179,177,7,7,29,30,56,41,180,181,172,182,35,183,45,7,7,7,7,7,7,7,39,42,37,68,31,98,7,7,7,7,7,7,75,95,43,96,97,171,7,7,7,29,30,23,31,41,42,37,171,184,79,57,7,7,7,7,7,7,7,7,7,7,7,7,7,7,7,7,7,7,7,7,7,7,7
179,28,71,23,23,171,7,7,7,39,36,35,185,23,175,7,9,43,172,7,7,7,7,7,7,7,7,7,9,172,186,98,7,7,7,7,7,7,7,7,187,105,106,107,7,7,7,7,39,36,35,23,171,9,172,182,35,188,45,7,7,7,7,7,7,7,7,7,7,7,7,7,7,7,7,7,7,7,7,7,7,7
179,72,78,41,174,57,7,7,7,7,47,48,37,93,189,7,7,50,7,7,7,7,7,7,7,7,7,7,7,7,7,7,61,62,190,62,62,62,7,7,7,7,112,123,61,62,62,7,7,47,48,191,7,7,7,9,43,172,51,7,7,7,7,7,7,7,7,7,7,7,7,7,7,7,7,7,7,7,7,7,7,7
98,192,193,174,183,45,7,7,7,7,91,194,195,117,7,196,62,62,62,7,7,7,7,7,7,7,7,7,7,7,7,7,7,7,99,7,7,7,7,61,62,62,127,128,7,7,7,7,7,91,197,195,7,7,7,7,50,7,59,7,7,7,7,7,7,7,7,7,7,7,7,7,7,7,7,7,7,7,7,7,7,7
7,7,117,186,171,7,7,7,7,7,7,109,7,122,7,99,7,7,7,7,61,62,62,62,7,7,61,62,62,62,7,7,7,7,99,7,7,7,7,7,7,7,112,123,7,7,7,61,62,62,62,7,7,7,7,7,7,46,6,64,7,7,7,7,7,7,7,7,7,7,7,7,7,7,7,7,7,7,7,7,7,7
7,7,122,7,198,7,7,7,7,7,7,199,7,117,7,99,7,7,7,7,7,7,7,7,7,7,7,7,7,7,7,7,126,134,99,126,134,126,134,126,126,7,112,128,7,7,7,7,7,7,7,7,7,7,7,7,66,6,200,77,7,198,7,7,7,7,7,7,7,7,7,7,7,7,7,7,7,7,7,7,7,7
7,198,201,7,77,0,64,7,7,7,7,110,7,122,7,99,7,7,7,7,7,58,115,7,7,7,7,58,202,203,7,204,130,146,142,205,206,130,146,142,145,131,132,133,126,134,126,126,126,126,134,126,135,135,7,46,85,126,135,207,126,208,19,135,7,7,7,7,7,7,7,7,7,7,7,7,7,7,7,7,7,7
0,85,209,140,210,126,208,19,134,126,126,116,134,139,126,99,134,134,126,126,46,211,212,0,0,0,60,211,212,60,213,154,155,151,152,156,157,158,151,152,153,214,138,145,142,145,138,205,206,142,145,138,130,146,142,145,138,130,146,142,145,138,130,146,7,7,7,7,7,7,7,7,7,7,7,7,7,7,7,7,7,7
145,138,130,146,142,145,138,130,146,142,145,138,130,146,142,145,138,130,146,142,143,144,215,143,144,143,216,215,143,144,154,167,163,164,165,161,162,168,159,160,166,217,154,154,155,151,152,156,157,158,151,152,153,154,155,151,152,153,154,155,151,152,153,154,7,7,7,7,7,7,7,7,7,7,7,7,7,7,7,7,7,7
153,154,155,151,152,153,154,155,151,152,153,154,155,151,152,153,154,155,151,152,153,154,155,151,152,153,154,155,156,157,218,219,220,221,222,223,219,220,221,222,223,219,220,224,163,164,165,161,162,168,159,160,166,167,163,164,165,166,167,168,159,160,166,167,7,7,7,7,7,7,7,7,7,7,7,7,7,7,7,7,7,7
225,226,227,228,229,230,0,231,232,0,233,234,235,236,237,238,7,7,7,7,7,7,7,7,7,7,7,7,7,7,7,7,7,7,7,7,7,7,7,7,7,7,7,7,7,7,7,7,7,7,7,7,7,7,7,7,7,7,7,7,7,7,7,7,7,7,7,7,7,7,7,7,7,7,7,7,7,7,7,7,7,7
239,240,241,242,243,244,245,246,247,248,249,250,251,252,237,253,7,7,7,7,7,7,7,7,7,7,7,7,7,7,7,7,7,7,7,7,7,7,7,7,7,7,7,7,7,7,7,7,7,7,7,7,7,7,7,7,7,7,7,7,7,7,7,7,7,7,7,7,7,7,7,7,7,7,7,7,7,7,7,7,7,7
254,255,256,250,251,257,258,259,247,248,260,234,235,236,261,7,7,7,7,7,7,7,7,7,7,7,7,7,7,7,7,7,7,7,7,7,7,7,7,7,7,7,7,7,7,7,7,7,7,7,7,7,7,7,7,7,7,7,7,7,7,7,7,7,7,7,7,7,7,7,7,7,7,7,7,7,7,7,7,7,7,7
262,263,264,234,235,265,266,267,247,248,268,250,251,252,269,7,7,7,7,7,7,7,7,7,7,7,7,7,7,7,7,7,7,7,7,7,7,7,7,7,7,7,7,7,7,7,7,7,7,7,7,7,7,7,7,7,7,7,7,7,7,7,7,7,7,7,7,7,7,7,7,7,7,7,7,7,7,7,7,7,7,7
270,271,272,273,274,275,276,277,247,248,278,234,235,279,7,7,7,7,7,7,7,7,7,7,7,7,7,7,7,7,7,7,7,7,7,7,7,7,7,7,7,7,7,7,7,7,7,7,7,7,7,7,7,7,7,7,7,7,7,7,7,7,7,7,7,7,7,7,7,7,7,7,7,7,7,7,7,7,7,7,7,7
280,269,281,282,283,284,276,285,286,287,233,250,251,288,7,289,7,7,7,7,7,7,7,7,7,7,7,7,7,7,7,7,7,7,7,7,7,7,7,7,7,7,7,7,7,7,7,7,7,7,7,7,7,7,7,7,7,7,7,7,7,7,7,7,7,7,7,7,7,7,7,7,7,7,7,7,7,7,7,7,7,7
7,7,290,250,251,291,276,277,247,248,260,234,235,292,293,255,7,7,7,7,7,7,7,7,7,7,7,7,7,7,7,7,7,7,7,7,7,7,7,7,7,7,7,7,7,7,7,7,7,7,7,7,7,7,7,7,7,7,7,7,7,7,7,7,7,7,7,7,7,7,7,7,7,7,7,7,7,7,7,7,7,7
7,7,294,234,235,295,276,296,297,248,298,228,229,299,300,301,7,7,7,7,7,7,7,7,7,7,7,7,7,7,7,7,7,7,7,7,7,7,7,7,7,7,7,7,7,7,7,7,7,7,7,7,7,7,7,7,7,7,7,7,7,7,7,7,7,7,7,7,7,7,7,7,7,7,7,7,7,7,7,7,7,7
7,289,302,228,229,230,303,304,61,248,305,242,243,306,307,308,7,7,7,7,7,7,7,7,7,7,7,7,7,7,7,7,7,7,7,7,7,7,7,7,7,7,7,7,7,7,7,7,7,7,7,7,7,7,7,7,7,7,7,7,7,7,7,7,7,7,7,7,7,7,7,7,7,7,7,7,7,7,7,7,7,7
293,255,241,242,243,244,276,296,309,248,249,250,251,310,311,312,7,7,7,7,7,7,7,7,7,7,7,7,7,7,7,7,7,7,7,7,7,7,7,7,7,7,7,7,7,7,7,7,7,7,7,7,7,7,7,7,7,7,7,7,7,7,7,7,7,7,7,7,7,7,7,7,7,7,7,7,7,7,7,7,7,7
300,301,227,228,229,313,276,277,247,248,260,234,235,236,261,7,7,7,7,7,7,7,7,7,7,7,7,7,7,7,7,7,7,7,7,7,7,7,7,7,7,7,7,7,7,7,7,7,7,7,7,7,7,7,7,7,7,7,7,7,7,7,7,7,7,7,7,7,7,7,7,7,7,7,7,7,7,7,7,7,7,7
307,308,314,315,243,244,276,285,286,287,316,228,229,317,255,318,7,7,7,7,7,7,7,7,7,7,7,7,7,7,7,7,7,7,7,7,7,7,7,7,7,7,7,7,7,7,7,7,7,7,7,7,7,7,7,7,7,7,7,7,7,7,7,7,7,7,7,7,7,7,7,7,7,7,7,7,7,7,7,7,7,7
7,312,319,320,251,291,276,277,247,248,305,242,243,321,301,322,7,7,7,7,7,7,7,7,7,7,7,7,7,7,7,7,7,7,7,7,7,7,7,7,7,7,7,7,7,7,7,7,7,7,7,7,7,7,7,7,7,7,7,7,7,7,7,7,7,7,7,7,7,7,7,7,7,7,7,7,7,7,7,7,7,7
7,7,294,323,235,295,276,277,247,248,249,250,251,252,239,324,7,7,7,7,7,7,7,7,7,7,7,7,7,7,7,7,7,7,7,7,7,7,7,7,7,7,7,7,7,7,7,7,7,7,7,7,7,7,7,7,7,7,7,7,7,7,7,7,7,7,7,7,7,7,7,7,7,7,7,7,7,7,7,7,7,7
325,7,326,273,251,327,303,304,61,328,260,234,235,329,312,289,7,7,7,7,7,7,7,7,7,7,7,7,7,7,7,7,7,7,7,7,7,7,7,7,7,7,7,7,7,7,7,7,7,7,7,7,7,7,7,7,7,7,7,7,7,7,7,7,7,7,7,7,7,7,7,7,7,7,7,7,7,7,7,7,7,7
255,318,330,282,235,295,276,277,331,332,249,250,229,317,333,255,7,7,7,7,7,7,7,7,7,7,7,7,7,7,7,7,7,7,7,7,7,7,7,7,7,7,7,7,7,7,7,7,7,7,7,7,7,7,7,7,7,7,7,7,7,7,7,7,7,7,7,7,7,7,7,7,7,7,7,7,7,7,7,7,7,7
263,255,256,320,229,313,276,277,247,248,260,234,243,321,225,226,7,7,7,7,7,7,7,7,7,7,7,7,7,7,7,7,7,7,7,7,7,7,7,7,7,7,7,7,7,7,7,7,7,7,7,7,7,7,7,7,7,7,7,7,7,7,7,7,7,7,7,7,7,7,7,7,7,7,7,7,7,7,7,7,7,7
271,262,264,323,243,244,276,285,286,287,316,250,251,334,239,240,7,7,7,7,7,7,7,7,7,7,7,7,7,7,7,7,7,7,7,7,7,7,7,7,7,7,7,7,7,7,7,7,7,7,7,7,7,7,7,7,7,7,7,7,7,7,7,7,7,7,7,7,7,7,7,7,7,7,7,7,7,7,7,7,7,7
280,255,272,273,229,313,245,246,247,248,260,234,235,335,254,336,7,7,7,7,7,7,7,7,7,7,7,7,7,7,7,7,7,7,7,7,7,7,7,7,7,7,7,7,7,7,7,7,7,7,7,7,7,7,7,7,7,7,7,7,7,7,7,7,7,7,7,7,7,7,7,7,7,7,7,7,7,7,7,7,7,7
261,337,338,315,243,339,258,259,247,248,340,273,274,341,280,342,7,7,7,7,7,7,7,7,7,7,7,7,7,7,7,7,7,7,7,7,7,7,7,7,7,7,7,7,7,7,7,7,7,7,7,7,7,7,7,7,7,7,7,7,7,7,7,7,7,7,7,7,7,7,7,7,7,7,7,7,7,7,7,7,7,7
225,226,227,228,251,230,303,285,286,248,343,282,283,344,7,345,7,7,7,7,7,7,7,7,7,7,7,7,7,7,7,7,7,7,7,7,7,7,7,7,7,7,7,7,7,7,7,7,7,7,7,7,7,7,7,7,7,7,7,7,7,7,7,7,7,7,7,7,7,7,7,7,7,7,7,7,7,7,7,7,7,7
239,240,241,242,235,295,276,277,247,248,249,250,251,288,7,7,7,7,7,7,7,7,7,7,7,7,7,7,7,7,7,7,7,7,7,7,7,7,7,7,7,7,7,7,7,7,7,7,7,7,7,7,7,7,7,7,7,7,7,7,7,7,7,7,7,7,7,7,7,7,7,7,7,7,7,7,7,7,7,7,7,7
254,255,256,250,274,275,276,277,247,248,249,234,235,346,7,7,7,7,7,7,7,7,7,7,7,7,7,7,7,7,7,7,7,7,7,7,7,7,7,7,7,7,7,7,7,7,7,7,7,7,7,7,7,7,7,7,7,7,7,7,7,7,7,7,7,7,7,7,7,7,7,7,7,7,7,7,7,7,7,7,7,7
262,263,264,234,283,284,276,285,286,287,233,273,229,317,325,289,7,7,7,7,7,7,7,7,7,7,7,7,7,7,7,7,7,7,7,7,7,7,7,7,7,7,7,7,7,7,7,7,7,7,7,7,7,7,7,7,7,7,7,7,7,7,7,7,7,7,7,7,7,7,7,7,7,7,7,7,7,7,7,7,7,7
270,271,272,273,251,291,276,277,347,328,305,282,243,321,263,348,7,7,7,7,7,7,7,7,7,7,7,7,7,7,7,7,7,7,7,7,7,7,7,7,7,7,7,7,7,7,7,7,7,7,7,7,7,7,7,7,7,7,7,7,7,7,7,7,7,7,7,7,7,7,7,7,7,7,7,7,7,7,7,7,7,7
280,269,281,282,235,295,276,277,349,332,298,273,251,252,350,351,7,7,7,7,7,7,7,7,7,7,7,7,7,7,7,7,7,7,7,7,7,7,7,7,7,7,7,7,7,7,7,7,7,7,7,7,7,7,7,7,7,7,7,7,7,7,7,7,7,7,7,7,7,7,7,7,7,7,7,7,7,7,7,7,7,7
7,7,290,250,229,230,352,285,286,353,305,282,235,236,354,355,7,7,7,7,7,7,7,7,7,7,7,7,7,7,7,7,7,7,7,7,7,7,7,7,7,7,7,7,7,7,7,7,7,7,7,7,7,7,7,7,7,7,7,7,7,7,7,7,7,7,7,7,7,7,7,7,7,7,7,7,7,7,7,7,7,7
7,7,294,234,243,244,276,277,247,248,298,228,274,341,356,357,7,7,7,7,7,7,7,7,7,7,7,7,7,7,7,7,7,7,7,7,7,7,7,7,7,7,7,7,7,7,7,7,7,7,7,7,7,7,7,7,7,7,7,7,7,7,7,7,7,7,7,7,7,7,7,7,7,7,7,7,7,7,7,7,7,7
7,7,358,228,229,313,276,285,286,248,305,242,283,344,7,359,7,7,7,7,7,7,7,7,7,7,7,7,7,7,7,7,7,7,7,7,7,7,7,7,7,7,7,7,7,7,7,7,7,7,7,7,7,7,7,7,7,7,7,7,7,7,7,7,7,7,7,7,7,7,7,7,7,7,7,7,7,7,7,7,7,7
7,7,360,242,243,244,276,277,247,248,249,250,251,288,7,7,7,7,7,7,7,7,7,7,7,7,7,7,7,7,7,7,7,7,7,7,7,7,7,7,7,7,7,7,7,7,7,7,7,7,7,7,7,7,7,7,7,7,7,7,7,7,7,7,7,7,7,7,7,7,7,7,7,7,7,7,7,7,7,7,7,7
318,289,302,228,251,291,361,285,362,363,260,234,235,346,289,261,7,7,7,7,7,7,7,7,7,7,7,7,7,7,7,7,7,7,7,7,7,7,7,7,7,7,7,7,7,7,7,7,7,7,7,7,7,7,7,7,7,7,7,7,7,7,7,7,7,7,7,7,7,7,7,7,7,7,7,7,7,7,7,7,7,7
255,255,241,315,235,295,276,277,331,364,249,250,251,252,255,269,7,7,7,7,7,7,7,7,7,7,7,7,7,7,7,7,7,7,7,7,7,7,7,7,7,7,7,7,7,7,7,7,7,7,7,7,7,7,7,7,7,7,7,7,7,7,7,7,7,7,7,7,7,7,7,7,7,7,7,7,7,7,7,7,7,7
280,269,358,228,251,230,231,232,0,231,303,234,235,279,280,325,7,7,7,7,7,7,7,7,7,7,7,7,7,7,7,7,7,7,7,7,7,7,7,7,7,7,7,7,7,7,7,7,7,7,7,7,7,7,7,7,7,7,7,7,7,7,7,7,7,7,7,7,7,7,7,7,7,7,7,7,7,7,7,7,7,7
7,7,360,242,235,295,276,277,247,248,298,228,274,365,7,280,7,7,7,7,7,7,7,7,7,7,7,7,7,7,7,7,7,7,7,7,7,7,7,7,7,7,7,7,7,7,7,7,7,7,7,7,7,7,7,7,7,7,7,7,7,7,7,7,7,7,7,7,7,7,7,7,7,7,7,7,7,7,7,7,7,7
7,7,358,228,251,291,276,277,247,248,305,242,283,344,7,7,7,7,7,7,7,7,7,7,7,7,7,7,7,7,7,7,7,7,7,7,7,7,7,7,7,7,7,7,7,7,7,7,7,7,7,7,7,7,7,7,7,7,7,7,7,7,7,7,7,7,7,7,7,7,7,7,7,7,7,7,7,7,7,7,7,7
366,173,179,367,368,23,367,369,26,23,42,35,370,23,24,170,26,171,7,7,7,7,7,67,68,41,371,23,23,23,23,23,23,26,57,7,7,75,68,21,22,42,35,23,23,23,36,372,373,36,35,179,23,374,41,21,22,372,68,36,57,7,7,7,7,7,7,7,7,9,172,9,20,21,22,23,23,23,23,42,37,171
7,182,35,179,26,179,23,375,179,42,174,376,178,26,367,33,179,177,7,7,7,7,7,9,172,9,20,41,23,23,42,37,173,174,174,57,7,67,76,23,31,185,377,26,41,171,378,367,379,374,43,48,35,23,185,23,31,21,22,183,45,7,7,7,7,7,7,7,7,7,7,29,30,23,31,41,42,37,171,184,79,57
380,381,44,68,79,68,179,23,26,369,24,33,23,23,42,26,171,7,7,7,7,7,7,7,7,29,30,56,41,180,181,172,182,35,169,45,7,9,35,23,169,41,23,23,169,74,382,92,41,383,384,197,385,93,68,23,23,23,31,171,7,7,7,7,7,7,7,7,7,7,7,39,36,35,23,171,9,172,182,35,188,45
7,386,7,75,95,43,96,97,42,48,387,388,35,23,369,369,57,7,7,7,7,7,7,7,7,39,36,35,185,23,175,7,9,43,172,7,7,7,75,95,43,96,97,169,383,43,389,100,54,195,7,7,7,117,75,94,68,198,171,198,7,198,7,7,7,7,7,7,7,7,7,7,47,48,198,7,7,7,9,43,172,7
7,7,7,7,187,105,106,107,197,194,195,390,385,93,174,183,45,7,7,7,7,7,7,7,7,7,47,48,37,93,189,7,7,50,7,7,7,7,7,187,105,106,107,391,392,105,108,199,7,7,7,7,7,122,7,9,104,210,7,73,7,210,7,7,7,7,7,7,7,7,7,7,91,197,208,200,7,7,7,50,7,7
7,7,7,7,7,7,112,113,7,116,7,7,7,117,186,171,7,7,7,7,7,7,7,7,7,7,91,194,195,117,393,7,7,7,7,7,7,7,7,7,7,112,123,7,7,7,7,109,7,58,115,58,115,201,7,7,7,7,7,7,7,7,7,7,7,7,7,7,7,7,7,7,7,7,7,7,7,7,7,7,7,7
198,7,7,7,7,7,127,118,7,394,7,7,7,122,7,7,7,7,7,7,7,7,198,7,7,7,7,109,7,122,7,58,115,7,7,395,396,397,7,7,7,127,128,84,0,1,0,64,84,2,398,2,398,0,60,19,7,7,7,7,7,7,7,7,7,7,7,7,7,7,7,7,7,7,7,7,7,51,7,7,198,7
77,7,7,198,7,7,112,113,7,116,58,115,198,201,58,115,7,58,115,7,7,7,207,7,7,7,7,199,7,201,84,2,398,0,60,0,64,46,0,0,6,0,19,7,399,400,103,401,7,7,7,66,200,201,124,125,7,7,7,7,7,7,7,7,84,0,64,198,66,60,19,7,7,198,7,7,7,59,7,7,208,64
208,402,19,66,0,0,0,6,0,6,2,403,85,84,2,398,60,2,398,0,0,200,401,84,0,0,6,64,84,19,7,7,7,84,64,404,77,7,66,19,7,405,113,7,7,7,7,73,7,7,7,73,7,406,7,7,84,64,0,60,0,66,200,7,7,7,77,401,401,7,7,7,46,85,66,6,64,46,200,66,0,85
0,19,7,73,103,7,127,123,84,0,0,0,19,117,7,7,400,7,7,7,7,103,401,124,125,407,408,85,7,117,7,7,7,7,210,7,73,7,73,7,7,127,118,7,7,7,7,110,7,7,7,7,7,201,7,7,7,210,399,400,404,401,7,7,7,7,210,77,210,7,7,7,7,84,85,7,210,7,7,210,124,125
7,7,7,7,7,7,405,128,7,109,124,125,407,111,7,7,7,7,7,7,7,7,73,7,7,7,7,110,7,122,7,7,7,7,7,7,7,7,7,7,7,405,123,7,7,7,7,116,7,7,7,7,7,406,7,7,7,7,7,7,7,73,7,7,7,7,7,210,7,7,7,7,7,7,7,7,7,7,7,7,7,7
7,7,7,7,7,7,127,123,7,114,7,7,7,201,7,7,7,7,7,7,7,7,198,7,7,7,7,116,7,409,7,7,7,7,7,7,7,7,7,7,7,127,128,7,7,7,7,129,7,7,7,7,7,201,7,7,7,7,7,7,7,198,7,7,7,7,7,198,7,7,7,7,7,7,7,7,7,7,7,7,7,7
255,255,410,411,412,411,413,414,415,255,255,255,416,417,418,413,7,7,7,7,7,7,7,7,7,7,7,7,7,7,7,7,7,7,7,7,7,7,7,7,7,7,7,7,7,7,7,7,7,7,7,7,7,7,7,7,7,7,7,7,7,7,7,7,7,7,7,7,7,7,7,7,7,7,7,7,7,7,7,7,7,7
280,269,7,7,7,7,419,420,414,415,255,410,420,410,421,420,7,7,7,7,7,7,7,7,7,7,7,7,7,7,7,7,7,7,7,7,7,7,7,7,7,7,7,7,7,7,7,7,7,7,7,7,7,7,7,7,7,7,7,7,7,7,7,7,7,7,7,7,7,7,7,7,7,7,7,7,7,7,7,7,7,7
7,422,423,7,422,424,7,7,425,426,419,422,423,7,7,422,7,7,7,7,7,7,7,7,7,7,7,7,7,7,7,7,7,7,7,7,7,7,7,7,7,7,7,7,7,7,7,7,7,7,7,7,7,7,7,7,7,7,7,7,7,7,7,7,7,7,7,7,7,7,7,7,7,7,7,7,7,7,7,7,7,7
427,428,429,427,428,430,431,19,7,7,84,2,429,427,431,428,7,7,7,7,7,7,7,7,7,7,7,7,7,7,7,7,7,7,7,7,7,7,7,7,7,7,7,7,7,7,7,7,7,7,7,7,7,7,7,7,7,7,7,7,7,7,7,7,7,7,7,7,7,7,7,7,7,7,7,7,7,7,7,7,7,7
432,433,434,417,418,435,7,7,7,7,7,436,437,417,418,438,7,7,7,7,7,7,7,7,7,7,7,7,7,7,7,7,7,7,7,7,7,7,7,7,7,7,7,7,7,7,7,7,7,7,7,7,7,7,7,7,7,7,7,7,7,7,7,7,7,7,7,7,7,7,7,7,7,7,7,7,7,7,7,7,7,7
414,439,255,255,440,441,318,7,7,7,442,443,414,415,440,440,7,7,7,7,7,7,7,7,7,7,7,7,7,7,7,7,7,7,7,7,7,7,7,7,7,7,7,7,7,7,7,7,7,7,7,7,7,7,7,7,7,7,7,7,7,7,7,7,7,7,7,7,7,7,7,7,7,7,7,7,7,7,7,7,7,7
444,414,445,413,255,255,410,7,7,7,7,419,420,446,415,440,7,7,7,7,7,7,7,7,7,7,7,7,7,7,7,7,7,7,7,7,7,7,7,7,7,7,7,7,7,7,7,7,7,7,7,7,7,7,7,7,7,7,7,7,7,7,7,7,7,7,7,7,7,7,7,7,7,7,7,7,7,7,7,7,7,7
447,448,412,425,449,269,7,422,423,7,7,7,7,425,426,450,7,7,7,7,7,7,7,7,7,7,7,7,7,7,7,7,7,7,7,7,7,7,7,7,7,7,7,7,7,7,7,7,7,7,7,7,7,7,7,7,7,7,7,7,7,7,7,7,7,7,7,7,7,7,7,7,7,7,7,7,7,7,7,7,7,7
0,0,427,451,452,7,84,2,453,454,0,427,0,427,431,0,7,7,7,7,7,7,7,7,7,7,7,7,7,7,7,7,7,7,7,7,7,7,7,7,7,7,7,7,7,7,7,7,7,7,7,7,7,7,7,7,7,7,7,7,7,7,7,7,7,7,7,7,7,7,7,7,7,7,7,7,7,7,7,7,7,7
432,417,418,435,7,7,455,436,456,457,458,432,433,459,432,433,7,7,7,7,7,7,7,7,7,7,7,7,7,7,7,7,7,7,7,7,7,7,7,7,7,7,7,7,7,7,7,7,7,7,7,7,7,7,7,7,7,7,7,7,7,7,7,7,7,7,7,7,7,7,7,7,7,7,7,7,7,7,7,7,7,7
444,255,440,441,318,460,461,462,255,255,255,255,255,414,463,464,7,7,7,7,7,7,7,7,7,7,7,7,7,7,7,7,7,7,7,7,7,7,7,7,7,7,7,7,7,7,7,7,7,7,7,7,7,7,7,7,7,7,7,7,7,7,7,7,7,7,7,7,7,7,7,7,7,7,7,7,7,7,7,7,7,7
414,415,465,415,466,255,444,467,468,469,463,439,439,470,471,414,7,7,7,7,7,7,7,7,7,7,7,7,7,7,7,7,7,7,7,7,7,7,7,7,7,7,7,7,7,7,7,7,7,7,7,7,7,7,7,7,7,7,7,7,7,7,7,7,7,7,7,7,7,7,7,7,7,7,7,7,7,7,7,7,7,7
472,413,473,443,474,464,475,416,417,418,413,471,255,255,476,414,7,7,7,7,7,7,7,7,7,7,7,7,7,7,7,7,7,7,7,7,7,7,7,7,7,7,7,7,7,7,7,7,7,7,7,7,7,7,7,7,7,7,7,7,7,7,7,7,7,7,7,7,7,7,7,7,7,7,7,7,7,7,7,7,7,7
477,425,478,469,479,480,481,414,482,440,443,483,484,485,486,426,7,7,7,7,7,7,7,7,7,7,7,7,7,7,7,7,7,7,7,7,7,7,7,7,7,7,7,7,7,7,7,7,7,7,7,7,7,7,7,7,7,7,7,7,7,7,7,7,7,7,7,7,7,7,7,7,7,7,7,7,7,7,7,7,7,7
7,7,487,411,477,7,7,425,488,469,410,489,490,491,492,7,7,7,7,7,7,7,7,7,7,7,7,7,7,7,7,7,7,7,7,7,7,7,7,7,7,7,7,7,7,7,7,7,7,7,7,7,7,7,7,7,7,7,7,7,7,7,7,7,7,7,7,7,7,7,7,7,7,7,7,7,7,7,7,7,7,7
7,7,7,7,7,7,7,7,493,412,7,494,495,496,497,7,7,7,7,7,7,7,7,7,7,7,7,7,7,7,7,7,7,7,7,7,7,7,7,7,7,7,7,7,7,7,7,7,7,7,7,7,7,7,7,7,7,7,7,7,7,7,7,7,7,7,7,7,7,7,7,7,7,7,7,7,7,7,7,7,7,7
7,7,7,7,7,7,7,7,7,7,498,499,500,501,502,503,7,7,7,7,7,7,7,7,7,7,7,7,7,7,7,7,7,7,7,7,7,7,7,7,7,7,7,7,7,7,7,7,7,7,7,7,7,7,7,7,7,7,7,7,7,7,7,7,7,7,7,7,7,7,7,7,7,7,7,7,7,7,7,7,7,7
7,7,7,7,7,7,7,7,7,7,504,505,506,507,508,509,7,7,7,7,7,7,7,7,7,7,7,7,7,7,7,7,7,7,7,7,7,7,7,7,7,7,7,7,7,7,7,7,7,7,7,7,7,7,7,7,7,7,7,7,7,7,7,7,7,7,7,7,7,7,7,7,7,7,7,7,7,7,7,7,7,7
7,7,7,7,7,7,7,7,7,7,510,511,512,513,514,7,7,7,7,7,7,7,7,7,7,7,7,7,7,7,7,7,7,7,7,7,7,7,7,7,7,7,7,7,7,7,7,7,7,7,7,7,7,7,7,7,7,7,7,7,7,7,7,7,7,7,7,7,7,7,7,7,7,7,7,7,7,7,7,7,7,7
7,7,7,7,7,7,7,7,7,7,515,516,517,518,519,520,7,7,7,7,7,7,7,7,7,7,7,7,7,7,7,7,7,7,7,7,7,7,7,7,7,7,7,7,7,7,7,7,7,7,7,7,7,7,7,7,7,7,7,7,7,7,7,7,7,7,7,7,7,7,7,7,7,7,7,7,7,7,7,7,7,7
521,522,523,524,525,521,522,523,524,525,526,527,528,529,530,531,7,7,7,7,7,7,7,7,7,7,7,7,7,7,7,7,7,7,7,7,7,7,7,7,7,7,7,7,7,7,7,7,7,7,7,7,7,7,7,7,7,7,7,7,7,7,7,7,7,7,7,7,7,7,7,7,7,7,7,7,7,7,7,7,7,7
532,533,534,535,536,532,533,537,538,536,532,533,534,535,536,532,7,7,7,7,7,7,7,7,7,7,7,7,7,7,7,7,7,7,7,7,7,7,7,7,7,7,7,7,7,7,7,7,7,7,7,7,7,7,7,7,7,7,7,7,7,7,7,7,7,7,7,7,7,7,7,7,7,7,7,7,7,7,7,7,7,7
539,540,541,542,543,539,540,544,545,543,539,540,541,542,543,539,7,7,7,7,7,7,7,7,7,7,7,7,7,7,7,7,7,7,7,7,7,7,7,7,7,7,7,7,7,7,7,7,7,7,7,7,7,7,7,7,7,7,7,7,7,7,7,7,7,7,7,7,7,7,7,7,7,7,7,7,7,7,7,7,7,7
